[
    { "name": "English", "flag": "🇨🇦", "code": "EN" },
    { "name": "Français", "flag": "🇫🇷", "code": "FR" },
    { "name": "العربية", "flag": "🇸🇦", "code": "AR" },
    { "name": "中文", "flag": "🇨🇳", "code": "ZH" },
    { "name": "Español", "flag": "🇪🇸", "code": "ES" },
    { "name": "اردو", "flag": "🇵🇰", "code": "UR" },
    { "name": "Tagalog", "flag": "🇵🇭", "code": "TL" },
    { "name": "हिंदी", "flag": "🇮🇳", "code": "HI" },
    { "name": "Português", "flag": "🇧🇷", "code": "PT" },
    { "name": "Русский", "flag": "🇷🇺", "code": "RU" },
    { "name": "한국어", "flag": "🇰🇷", "code": "KO" },
    { "name": "Italiano", "flag": "🇮🇹", "code": "IT" },
    { "name": "Deutsch", "flag": "🇩🇪", "code": "DE" },
    { "name": "Polski", "flag": "🇵🇱", "code": "PL" },
    { "name": "ਪੰਜਾਬੀ", "flag": "🇮🇳", "code": "PA" },
    { "name": "Українська", "flag": "🇺🇦", "code": "UK" },
    { "name": "Tiếng Việt", "flag": "🇻🇳", "code": "VI" },
    { "name": "ไทย", "flag": "🇹🇭", "code": "TH" },
    { "name": "فارسی", "flag": "🇮🇷", "code": "FA" },
    { "name": "Somali", "flag": "🇸🇴", "code": "SO" },
    { "name": "Nederlands", "flag": "🇳🇱", "code": "NL" },
    { "name": "አማርኛ", "flag": "🇪🇹", "code": "AM" },
    { "name": "Oromo", "flag": "🇪🇹", "code": "OM" },
    { "name": "ᓀᐦᐃᔭᐍᐏᐣ", "flag": "🇨🇦", "code": "CR" }
]
